<?xml version="1.0" encoding="UTF-8"?>
<beans xmlns="http://www.springframework.org/schema/beans"
       xmlns:xsi="http://www.w3.org/2001/XMLSchema-instance"
       xmlns:context="http://www.springframework.org/schema/context"
       xmlns:tx="http://www.springframework.org/schema/tx"
       xmlns:encrypt="http://shardingsphere.apache.org/schema/shardingsphere/encrypt"
       xmlns:bean="http://www.springframework.org/schema/util"
       xsi:schemaLocation="http://www.springframework.org/schema/beans
                        http://www.springframework.org/schema/beans/spring-beans.xsd 
                        http://www.springframework.org/schema/tx 
                        http://www.springframework.org/schema/tx/spring-tx.xsd
                        http://www.springframework.org/schema/context 
                        http://www.springframework.org/schema/context/spring-context.xsd
                        http://shardingsphere.apache.org/schema/shardingsphere/encrypt
                        http://shardingsphere.apache.org/schema/shardingsphere/encrypt/encrypt.xsd 
                        http://www.springframework.org/schema/util http://www.springframework.org/schema/util/spring-util.xsd">
    <context:component-scan base-package="org.apache.shardingsphere.example.core.mybatis" />
    
    <bean id="ds" class="com.zaxxer.hikari.HikariDataSource" destroy-method="close">
        <property name="driverClassName" value="com.mysql.jdbc.Driver"/>
        <property name="jdbcUrl" value="jdbc:mysql://localhost:3306/demo_ds?useSSL=false&amp;useUnicode=true&amp;characterEncoding=UTF-8"/>
        <property name="username" value="root"/>
        <property name="password" value=""/>
    </bean>
    
    <bean:properties id="props">
        <prop key="aes.key.value">123456</prop>
    </bean:properties>
    
    <encrypt:data-source id="encryptDataSource" data-source-name="ds" >
        <encrypt:encrypt-rule>
            <encrypt:tables>
                <encrypt:table name="t_user">
                    <encrypt:column logic-column="user_name" plain-column="user_name_plain" cipher-column="user_name" encryptor-ref="name_encryptor" />
                    <encrypt:column logic-column="pwd" cipher-column="pwd" assisted-query-column="assisted_query_pwd" encryptor-ref="pwd_encryptor"/>
                </encrypt:table>
            </encrypt:tables>
            <encrypt:encryptors>
                <encrypt:encryptor id="name_encryptor" type="AES" props-ref="props"/>
                <encrypt:encryptor id="pwd_encryptor" type="assistedTest" />
            </encrypt:encryptors>
        </encrypt:encrypt-rule>
        <encrypt:props>
            <prop key="query.with.cipher.column">true</prop>
        </encrypt:props>
    </encrypt:data-source>
    
    <bean id="transactionManager" class="org.springframework.jdbc.datasource.DataSourceTransactionManager">
        <property name="dataSource" ref="encryptDataSource" />
    </bean>
    <tx:annotation-driven />
    
    <bean id="sqlSessionFactory" class="org.mybatis.spring.SqlSessionFactoryBean">
        <property name="dataSource" ref="encryptDataSource"/>
        <property name="mapperLocations" value="classpath*:META-INF/mappers/*.xml"/>
    </bean>
    
    <bean class="org.mybatis.spring.mapper.MapperScannerConfigurer">
        <property name="basePackage" value="org.apache.shardingsphere.example.core.mybatis.repository"/>
        <property name="sqlSessionFactoryBeanName" value="sqlSessionFactory"/>
    </bean>
</beans>
