<?xml version="1.0" encoding="UTF-8" ?>
<!DOCTYPE mapper PUBLIC "-//mybatis.org//DTD Mapper 3.0//EN" "http://mybatis.org/dtd/mybatis-3-mapper.dtd">
<mapper namespace="org.apache.shardingsphere.example.core.mybatis.repository.MybatisOrderRepository">
    <resultMap id="baseResultMap" type="org.apache.shardingsphere.example.core.api.entity.Order">
        <result column="order_id" property="orderId" jdbcType="BIGINT"/>
        <result column="user_id" property="userId" jdbcType="INTEGER"/>
        <result column="address_id" property="addressId" jdbcType="BIGINT"/>
        <result column="status" property="status" jdbcType="VARCHAR"/>
    </resultMap>

    <update id="createTableIfNotExists">
        CREATE TABLE IF NOT EXISTS t_order (order_id BIGINT AUTO_INCREMENT, user_id INT NOT NULL, address_id BIGINT NOT NULL, status VARCHAR(50), PRIMARY KEY (order_id));
    </update>
    
    <update id="truncateTable">
        TRUNCATE TABLE t_order;
    </update>
    
    <update id="dropTable">
        DROP TABLE IF EXISTS t_order;
    </update>
    
    <insert id="insert" useGeneratedKeys="true" keyProperty="orderId">
        INSERT INTO t_order (user_id, address_id, status) VALUES (#{userId,jdbcType=INTEGER}, #{addressId,jdbcType=BIGINT}, #{status,jdbcType=VARCHAR});
    </insert>
    
    <delete id="delete">
        DELETE FROM t_order WHERE order_id = #{orderId,jdbcType=INTEGER};
    </delete>
    
    <select id="selectAll" resultMap="baseResultMap">
        SELECT * FROM t_order;
    </select>
    
    <select id="selectRange" resultMap="baseResultMap">
        SELECT * FROM t_order WHERE order_id BETWEEN 200000000000000000 AND 400000000000000000
    </select>
</mapper>
