<?xml version="1.0" encoding="UTF-8"?>
<!--
  ~ Licensed to the Apache Software Foundation (ASF) under one or more
  ~ contributor license agreements.  See the NOTICE file distributed with
  ~ this work for additional information regarding copyright ownership.
  ~ The ASF licenses this file to You under the Apache License, Version 2.0
  ~ (the "License"); you may not use this file except in compliance with
  ~ the License.  You may obtain a copy of the License at
  ~
  ~     http://www.apache.org/licenses/LICENSE-2.0
  ~
  ~ Unless required by applicable law or agreed to in writing, software
  ~ distributed under the License is distributed on an "AS IS" BASIS,
  ~ WITHOUT WARRANTIES OR CONDITIONS OF ANY KIND, either express or implied.
  ~ See the License for the specific language governing permissions and
  ~ limitations under the License.
  -->

<beans xmlns="http://www.springframework.org/schema/beans"
       xmlns:xsi="http://www.w3.org/2001/XMLSchema-instance"
       xmlns:context="http://www.springframework.org/schema/context"
       xmlns:tx="http://www.springframework.org/schema/tx"
       xmlns:sharding="http://shardingsphere.apache.org/schema/shardingsphere/sharding"
       xmlns:master-slave="http://shardingsphere.apache.org/schema/shardingsphere/masterslave"
       xmlns:orchestraion="http://shardingsphere.apache.org/schema/shardingsphere/orchestration"
       xsi:schemaLocation="http://www.springframework.org/schema/beans 
                        http://www.springframework.org/schema/beans/spring-beans.xsd 
                        http://www.springframework.org/schema/context 
                        http://www.springframework.org/schema/context/spring-context.xsd
                        http://www.springframework.org/schema/tx 
                        http://www.springframework.org/schema/tx/spring-tx.xsd
                        http://shardingsphere.apache.org/schema/shardingsphere/sharding
                        http://shardingsphere.apache.org/schema/shardingsphere/sharding/sharding.xsd
                        http://shardingsphere.apache.org/schema/shardingsphere/masterslave
                        http://shardingsphere.apache.org/schema/shardingsphere/masterslave/master-slave.xsd
                        http://shardingsphere.apache.org/schema/shardingsphere/orchestration
                        http://shardingsphere.apache.org/schema/shardingsphere/orchestration/orchestration.xsd">
    <import resource="classpath*:META-INF/etcd/registry-center.xml" />
    <context:component-scan base-package="org.apache.shardingsphere.example.core.mybatis" />
    <bean id="demo_ds_master_0" class="com.zaxxer.hikari.HikariDataSource" destroy-method="close">
        <property name="driverClassName" value="com.mysql.jdbc.Driver"/>
        <property name="jdbcUrl" value="jdbc:mysql://localhost:3306/demo_ds_master_0"/>
        <property name="username" value="root"/>
        <property name="password" value=""/>
    </bean>
    
    <bean id="demo_ds_master_0_slave_0" class="com.zaxxer.hikari.HikariDataSource" destroy-method="close">
        <property name="driverClassName" value="com.mysql.jdbc.Driver"/>
        <property name="jdbcUrl" value="jdbc:mysql://localhost:3306/demo_ds_master_0_slave_0"/>
        <property name="username" value="root"/>
        <property name="password" value=""/>
    </bean>
    
    <bean id="demo_ds_master_0_slave_1" class="com.zaxxer.hikari.HikariDataSource" destroy-method="close">
        <property name="driverClassName" value="com.mysql.jdbc.Driver"/>
        <property name="jdbcUrl" value="jdbc:mysql://localhost:3306/demo_ds_master_0_slave_1"/>
        <property name="username" value="root"/>
        <property name="password" value=""/>
    </bean>

    <bean id="demo_ds_master_1" class="com.zaxxer.hikari.HikariDataSource" destroy-method="close">
        <property name="driverClassName" value="com.mysql.jdbc.Driver"/>
        <property name="jdbcUrl" value="jdbc:mysql://localhost:3306/demo_ds_master_1"/>
        <property name="username" value="root"/>
        <property name="password" value=""/>
    </bean>

    <bean id="demo_ds_master_1_slave_0" class="com.zaxxer.hikari.HikariDataSource" destroy-method="close">
        <property name="driverClassName" value="com.mysql.jdbc.Driver"/>
        <property name="jdbcUrl" value="jdbc:mysql://localhost:3306/demo_ds_master_1_slave_0"/>
        <property name="username" value="root"/>
        <property name="password" value=""/>
    </bean>

    <bean id="demo_ds_master_1_slave_1" class="com.zaxxer.hikari.HikariDataSource" destroy-method="close">
        <property name="driverClassName" value="com.mysql.jdbc.Driver"/>
        <property name="jdbcUrl" value="jdbc:mysql://localhost:3306/demo_ds_master_1_slave_1"/>
        <property name="username" value="root"/>
        <property name="password" value=""/>
    </bean>

    <sharding:inline-strategy id="databaseStrategy" sharding-column="user_id" algorithm-expression="demo_ds_ms_${user_id % 2}" />
    <sharding:inline-strategy id="orderTableStrategy" sharding-column="order_id" algorithm-expression="t_order_${order_id % 2}" />
    <sharding:inline-strategy id="orderItemTableStrategy" sharding-column="order_item_id" algorithm-expression="t_order_item_${order_item_id % 2}" />
    <master-slave:load-balance-algorithm id="randomStrategy" type="RANDOM" />
    
    <sharding:data-source id="realShardingMasterSlaveDataSource">
        <sharding:sharding-rule data-source-names="demo_ds_master_0,demo_ds_master_0_slave_0,demo_ds_master_0_slave_1,demo_ds_master_1,demo_ds_master_1_slave_0,demo_ds_master_1_slave_1">
            <sharding:master-slave-rules>
                <sharding:master-slave-rule id="demo_ds_ms_0" master-data-source-name="demo_ds_master_0" slave-data-source-names="demo_ds_master_0_slave_0, demo_ds_master_0_slave_1" strategy-ref="randomStrategy" />
                <sharding:master-slave-rule id="demo_ds_ms_1" master-data-source-name="demo_ds_master_1" slave-data-source-names="demo_ds_master_1_slave_0, demo_ds_master_1_slave_1" strategy-ref="randomStrategy" />
            </sharding:master-slave-rules>
            <sharding:table-rules>
                <sharding:table-rule logic-table="t_order" actual-data-nodes="demo_ds_ms_${0..1}.t_order_${0..1}" database-strategy-ref="databaseStrategy" table-strategy-ref="orderTableStrategy" />
                <sharding:table-rule logic-table="t_order_item" actual-data-nodes="demo_ds_ms_${0..1}.t_order_item_${0..1}" database-strategy-ref="databaseStrategy" table-strategy-ref="orderItemTableStrategy" />
            </sharding:table-rules>
        </sharding:sharding-rule>
    </sharding:data-source>
    <orchestraion:sharding-data-source id="shardingMasterSlaveDataSource" data-source-ref="realShardingMasterSlaveDataSource" registry-center-ref="regCenter" overwrite="true" />
    
    <bean id="transactionManager" class="org.springframework.jdbc.datasource.DataSourceTransactionManager">
        <property name="dataSource" ref="shardingMasterSlaveDataSource" />
    </bean>
    <tx:annotation-driven />
    
    <bean id="sqlSessionFactory" class="org.mybatis.spring.SqlSessionFactoryBean">
        <property name="dataSource" ref="shardingMasterSlaveDataSource"/>
        <property name="mapperLocations" value="classpath*:META-INF/mappers/*.xml"/>
    </bean>
    
    <bean class="org.mybatis.spring.mapper.MapperScannerConfigurer">
        <property name="basePackage" value="org.apache.shardingsphere.example.core.mybatis.repository"/>
        <property name="sqlSessionFactoryBeanName" value="sqlSessionFactory"/>
    </bean>
</beans>
