<?xml version="1.0" encoding="UTF-8"?>
<beans xmlns="http://www.springframework.org/schema/beans"
       xmlns:xsi="http://www.w3.org/2001/XMLSchema-instance"
       xmlns:context="http://www.springframework.org/schema/context"
       xmlns:tx="http://www.springframework.org/schema/tx"
       xmlns:orchestration="http://shardingsphere.apache.org/schema/shardingsphere/orchestration"
       xsi:schemaLocation="http://www.springframework.org/schema/beans
                        http://www.springframework.org/schema/beans/spring-beans.xsd
                        http://www.springframework.org/schema/context
                        http://www.springframework.org/schema/context/spring-context.xsd
                        http://www.springframework.org/schema/tx
                        http://www.springframework.org/schema/tx/spring-tx.xsd
                        http://shardingsphere.apache.org/schema/shardingsphere/orchestration
                        http://shardingsphere.apache.org/schema/shardingsphere/orchestration/orchestration.xsd">
    <import resource="classpath*:META-INF/zookeeper/registry-center.xml" />
    <context:component-scan base-package="org.apache.shardingsphere.example.core.mybatis" />

    <orchestration:sharding-data-source id="shardingDatabasesTablesDataSource" registry-center-ref="regCenter" />
    
    <bean id="transactionManager" class="org.springframework.jdbc.datasource.DataSourceTransactionManager">
        <property name="dataSource" ref="shardingDatabasesTablesDataSource" />
    </bean>
    <tx:annotation-driven />
    
    <bean id="sqlSessionFactory" class="org.mybatis.spring.SqlSessionFactoryBean">
        <property name="dataSource" ref="shardingDatabasesTablesDataSource"/>
        <property name="mapperLocations" value="classpath*:META-INF/mappers/*.xml"/>
    </bean>
    
    <bean class="org.mybatis.spring.mapper.MapperScannerConfigurer">
        <property name="basePackage" value="org.apache.shardingsphere.example.core.mybatis.repository"/>
        <property name="sqlSessionFactoryBeanName" value="sqlSessionFactory"/>
    </bean>
</beans>
