<?xml version="1.0" encoding="UTF-8"?>
<beans xmlns="http://www.springframework.org/schema/beans"
       xmlns:xsi="http://www.w3.org/2001/XMLSchema-instance"
       xmlns:p="http://www.springframework.org/schema/p"
       xmlns:context="http://www.springframework.org/schema/context"
       xmlns:tx="http://www.springframework.org/schema/tx"
       xmlns:sharding="http://shardingsphere.apache.org/schema/shardingsphere/sharding"
       xmlns:bean="http://www.springframework.org/schema/util"
       xsi:schemaLocation="http://www.springframework.org/schema/beans 
                        http://www.springframework.org/schema/beans/spring-beans.xsd
                        http://shardingsphere.apache.org/schema/shardingsphere/sharding
                        http://shardingsphere.apache.org/schema/shardingsphere/sharding/sharding.xsd
                        http://www.springframework.org/schema/context
                        http://www.springframework.org/schema/context/spring-context.xsd
                        http://www.springframework.org/schema/tx
                        http://www.springframework.org/schema/tx/spring-tx.xsd http://www.springframework.org/schema/util http://www.springframework.org/schema/util/spring-util.xsd">
    <context:annotation-config />
    <context:component-scan base-package="org.apache.shardingsphere.example.core.jpa"/>

    <bean id="entityManagerFactory" class="org.springframework.orm.jpa.LocalContainerEntityManagerFactoryBean">
        <property name="dataSource" ref="shardingDataSource" />
        <property name="jpaVendorAdapter">
            <bean class="org.springframework.orm.jpa.vendor.HibernateJpaVendorAdapter" p:database="MYSQL" />
        </property>
        <property name="packagesToScan" value="org.apache.shardingsphere.example.core.jpa.entity" />
        <property name="jpaProperties">
            <props>
                <prop key="hibernate.dialect">org.hibernate.dialect.MySQLDialect</prop>
                <prop key="hibernate.hbm2ddl.auto">create-drop</prop>
                <prop key="hibernate.show_sql">false</prop>
            </props>
        </property>
    </bean>
    <bean id="transactionManager" class="org.springframework.orm.jpa.JpaTransactionManager" p:entityManagerFactory-ref="entityManagerFactory" />
    <tx:annotation-driven />
    
    <bean id="demo_ds_0" class="com.zaxxer.hikari.HikariDataSource" destroy-method="close">
        <property name="driverClassName" value="com.mysql.jdbc.Driver"/>
        <property name="jdbcUrl" value="jdbc:mysql://localhost:3306/demo_ds_0?useSSL=false&amp;useUnicode=true&amp;characterEncoding=UTF-8"/>
        <property name="username" value="root"/>
        <property name="password" value=""/>
    </bean>
    
    <bean id="demo_ds_1" class="com.zaxxer.hikari.HikariDataSource" destroy-method="close">
        <property name="driverClassName" value="com.mysql.jdbc.Driver"/>
        <property name="jdbcUrl" value="jdbc:mysql://localhost:3306/demo_ds_1?useSSL=false&amp;useUnicode=true&amp;characterEncoding=UTF-8"/>
        <property name="username" value="root"/>
        <property name="password" value=""/>
    </bean>
    
    <sharding:inline-strategy id="databaseStrategy" sharding-column="user_id" algorithm-expression="demo_ds_${user_id % 2}" />
    
    <bean:properties id="properties">
        <prop key="worker.id">123</prop>
    </bean:properties>
    
    <sharding:key-generator id="orderKeyGenerator" type="SNOWFLAKE" column="order_id" props-ref="properties" />
    <sharding:key-generator id="itemKeyGenerator" type="SNOWFLAKE" column="order_item_id" props-ref="properties" />
    
    <sharding:data-source id="shardingDataSource">
        <sharding:sharding-rule data-source-names="demo_ds_0, demo_ds_1" default-data-source-name="demo_ds_0">
            <sharding:table-rules>
                <sharding:table-rule logic-table="t_order" database-strategy-ref="databaseStrategy" key-generator-ref="orderKeyGenerator" />
                <sharding:table-rule logic-table="t_order_item" database-strategy-ref="databaseStrategy" key-generator-ref="itemKeyGenerator" />
            </sharding:table-rules>
            <sharding:binding-table-rules>
                <sharding:binding-table-rule logic-tables="t_order,t_order_item"/>
            </sharding:binding-table-rules>
            <sharding:broadcast-table-rules>
                <sharding:broadcast-table-rule table="t_address"/>
            </sharding:broadcast-table-rules>
        </sharding:sharding-rule>
    </sharding:data-source>
</beans>
