<?xml version="1.0" encoding="UTF-8"?>
<!--
  ~ Copyright 2016-2018 shardingsphere.io.
  ~ <p>
  ~ Licensed under the Apache License, Version 2.0 (the "License");
  ~ you may not use this file except in compliance with the License.
  ~ You may obtain a copy of the License at
  ~
  ~     http://www.apache.org/licenses/LICENSE-2.0
  ~
  ~ Unless required by applicable law or agreed to in writing, software
  ~ distributed under the License is distributed on an "AS IS" BASIS,
  ~ WITHOUT WARRANTIES OR CONDITIONS OF ANY KIND, either express or implied.
  ~ See the License for the specific language governing permissions and
  ~ limitations under the License.
  ~ </p>
  -->

<beans xmlns="http://www.springframework.org/schema/beans"
       xmlns:xsi="http://www.w3.org/2001/XMLSchema-instance"
       xmlns:context="http://www.springframework.org/schema/context"
       xmlns:tx="http://www.springframework.org/schema/tx"
       xmlns:bean="http://www.springframework.org/schema/util"
       xmlns:encrypt="http://shardingsphere.apache.org/schema/shardingsphere/encrypt"
       xmlns:orchestraion="http://shardingsphere.apache.org/schema/shardingsphere/orchestration"
       xsi:schemaLocation="http://www.springframework.org/schema/beans
                        http://www.springframework.org/schema/beans/spring-beans.xsd 
                        http://www.springframework.org/schema/context 
                        http://www.springframework.org/schema/context/spring-context.xsd
                        http://www.springframework.org/schema/tx 
                        http://www.springframework.org/schema/tx/spring-tx.xsd
                        http://www.springframework.org/schema/util
                        http://www.springframework.org/schema/util/spring-util.xsd
                        http://shardingsphere.apache.org/schema/shardingsphere/encrypt
                        http://shardingsphere.apache.org/schema/shardingsphere/encrypt/encrypt.xsd 
                        http://shardingsphere.apache.org/schema/shardingsphere/orchestration
                        http://shardingsphere.apache.org/schema/shardingsphere/orchestration/orchestration.xsd">
    <import resource="classpath*:META-INF/zookeeper/registry-center.xml" />
    <context:component-scan base-package="org.apache.shardingsphere.example.core.mybatis" />

    <bean id="demo_ds_encrypt" class="com.zaxxer.hikari.HikariDataSource" destroy-method="close">
        <property name="driverClassName" value="com.mysql.jdbc.Driver"/>
        <property name="jdbcUrl" value="jdbc:mysql://localhost:3306/demo_ds"/>
        <property name="username" value="root"/>
        <property name="password" value=""/>
    </bean>
    
    <bean:properties id="props">
        <prop key="aes.key.value">123456</prop>
    </bean:properties>
    
    <encrypt:data-source id="realEncryptDataSource" data-source-name="demo_ds_encrypt" >
        <encrypt:encrypt-rule>
            <encrypt:tables>
                <encrypt:table name="t_user">
                    <encrypt:column logic-column="user_name" cipher-column="user_name" encryptor-ref="name_encryptor" />
                    <encrypt:column logic-column="pwd" cipher-column="pwd" assisted-query-column="assisted_query_pwd" encryptor-ref="pwd_encryptor"/>
                </encrypt:table>
            </encrypt:tables>
            <encrypt:encryptors>
                <encrypt:encryptor id="name_encryptor" type="AES" props-ref="props"/>
                <encrypt:encryptor id="pwd_encryptor" type="assistedTest" />
            </encrypt:encryptors>
        </encrypt:encrypt-rule>
        <encrypt:props>
            <prop key="query.with.cipher.column">true</prop>
        </encrypt:props>
    </encrypt:data-source>
    
    <orchestraion:encrypt-data-source id="encryptDataSource" data-source-ref="realEncryptDataSource" registry-center-ref="regCenter" overwrite="true" />
    
    <bean id="transactionManager" class="org.springframework.jdbc.datasource.DataSourceTransactionManager">
        <property name="dataSource" ref="encryptDataSource" />
    </bean>
    <tx:annotation-driven />
    
    <bean id="sqlSessionFactory" class="org.mybatis.spring.SqlSessionFactoryBean">
        <property name="dataSource" ref="encryptDataSource"/>
        <property name="mapperLocations" value="classpath*:META-INF/mappers/*.xml"/>
    </bean>
    
    <bean class="org.mybatis.spring.mapper.MapperScannerConfigurer">
        <property name="basePackage" value="org.apache.shardingsphere.example.core.mybatis.repository"/>
        <property name="sqlSessionFactoryBeanName" value="sqlSessionFactory"/>
    </bean>

</beans>
